;1;2;3;4;5;6;7;8;9;10;11;12;13;14;15;16;17;18;19;20;21;22;23;24;25;26;27;28;29;30;31;32;33;34;35;36;37;38;39;40;41;42;43;44;45;46;47;48;49;50;51;52;53;54;55;56;57;58;59;60;61;62;63;64;65;66;67;68;69;70;71;72;73;74;75;76;77;78;79;80;81;82;83;84;85;86;87;88;89;90;91;92;93;94;95;96;97;98;99;100;101;102;103;104;105;106;107;108;109;110;111;112;113;114;115;116;117;118;119;120;121;122;123;124;125;126;127;128;129;130;131;132;133;134;135;136;137;138;139;140;141;142;143;144;145;146;147;148;149;150;151;152;153;154;155;156;157;158;159;160;161;162;163;164;165;166;167;168;169;170;171;172;173;174;175;176;177;178;179;180;MaxDailyPlays;MaxWeeklyPlays;Label
Adel Tawil - Unsere Lieder;35;33;61;54;146;165;188;199;212;125;209;146;199;252;210;269;265;299;304;226;236;239;289;259;207;229;292;231;267;281;272;221;254;168;180;211;262;284;206;203;184;150;134;166;165;167;167;141;189;225;131;201;186;169;159;265;197;190;201;206;213;212;269;232;311;232;220;284;237;147;85;83;75;114;104;103;247;262;307;255;304;252;255;227;242;280;237;293;227;229;195;151;181;247;201;250;100;103;44;113;70;113;143;103;90;61;98;107;92;58;44;53;34;55;40;63;47;34;55;34;38;42;37;58;46;53;54;48;61;43;41;16;25;19;36;45;43;31;55;36;27;27;51;39;46;38;32;39;36;34;33;35;34;45;29;40;47;21;30;33;15;25;21;42;17;31;31;17;13;16;26;35;25;22;35;26;17;27;35;28;311;1862;-2
Alec Benjamin Feat. Alessia Cara - Let Me Down Slowly;2;7;12;13;21;19;15;15;16;13;28;27;21;30;39;35;34;36;28;15;14;25;20;25;15;17;16;30;43;43;41;61;57;73;53;77;50;51;48;30;26;39;41;34;50;53;47;55;42;63;45;40;48;43;43;37;52;52;40;55;46;55;70;71;59;75;80;125;97;117;126;119;134;147;131;155;125;126;170;146;157;165;251;215;295;194;296;230;267;333;406;412;411;388;453;371;452;373;368;359;438;398;402;478;473;545;489;530;578;487;547;502;543;595;590;543;583;604;567;627;718;651;739;700;668;615;653;726;714;630;731;621;711;699;764;732;701;798;712;718;766;781;779;725;705;762;728;805;774;836;892;807;834;762;830;828;833;841;848;817;827;871;854;824;844;830;810;805;849;835;782;811;871;813;770;803;820;804;749;759;892;5838;3
Andreas Bourani - Auf uns;1;1;3;3;2;31;27;12;29;56;56;51;38;53;39;48;68;90;62;90;88;63;93;59;104;90;78;97;75;74;107;147;151;123;152;104;226;170;197;219;205;162;205;133;117;192;187;183;180;210;150;232;238;228;103;218;227;211;293;271;268;303;298;349;414;387;464;400;381;366;421;496;433;431;421;465;459;482;469;460;517;483;518;499;467;492;458;568;470;478;548;602;529;493;505;576;404;605;528;542;240;428;496;619;535;635;683;591;610;612;616;686;605;594;597;625;656;598;617;695;621;590;637;696;732;518;708;676;788;883;763;676;531;410;477;479;563;611;648;559;658;591;625;593;637;597;590;669;563;560;608;601;636;612;608;594;599;634;567;621;567;591;589;574;594;585;573;530;617;538;496;580;513;515;511;551;512;489;477;493;883;5025;2
Annenmaykantereit - Marie;34;57;84;99;119;128;132;140;126;139;140;168;141;122;125;116;139;127;111;119;104;120;112;143;129;135;133;120;122;114;134;133;126;136;103;106;106;124;100;96;113;104;98;114;96;118;110;105;91;98;116;93;111;134;96;125;115;108;111;99;103;86;88;90;80;63;74;76;82;133;72;60;123;87;116;96;114;64;77;62;68;71;106;60;65;88;69;68;60;60;52;54;62;50;63;70;51;57;62;113;61;63;63;60;61;48;43;41;49;40;34;47;49;35;39;44;47;42;43;39;40;43;34;35;32;28;27;33;31;38;31;33;29;33;31;32;29;32;24;30;25;31;35;32;31;28;34;24;30;26;31;33;32;29;35;33;28;29;33;30;31;26;38;35;28;29;33;28;28;30;31;27;28;32;25;25;29;29;34;29;168;976;-2
Ariana Grande - 7 rings;231;272;279;302;325;326;372;311;358;356;375;335;344;391;411;426;439;414;512;488;455;490;443;444;425;502;493;461;446;495;512;507;442;474;517;440;475;547;493;500;426;447;399;441;498;390;438;413;459;464;418;463;420;406;456;451;437;439;429;433;402;383;354;347;368;348;353;340;343;297;327;319;322;307;330;302;316;277;345;413;278;275;289;287;327;283;257;292;292;276;286;279;298;290;265;259;250;234;243;234;249;237;240;247;231;219;219;197;193;181;161;167;164;169;158;155;143;169;146;181;161;179;184;187;193;167;181;190;216;168;188;167;193;197;226;199;201;206;197;186;212;214;184;201;203;177;161;170;174;178;180;168;173;158;162;173;154;156;146;159;145;159;147;158;140;196;142;170;143;159;146;159;141;165;165;148;169;161;163;159;547;3393;-2
Ava Max - So Am I;82;111;123;97;105;165;308;299;326;304;340;351;394;487;466;527;471;521;515;507;461;530;538;588;596;666;656;706;783;755;755;797;801;800;807;818;870;870;828;892;828;833;894;788;693;854;902;892;908;894;876;957;938;949;1036;992;983;886;976;1020;1020;1046;1063;1059;992;1076;1065;1092;1069;1055;1011;998;1057;1038;1038;1094;1057;1054;1017;1100;1102;1092;1016;1011;1067;1037;1090;1109;1099;1060;1082;1078;1077;1036;1079;1112;1095;1050;993;1100;1020;996;1029;1045;952;946;1014;1052;1012;969;960;816;808;787;827;826;847;830;829;759;786;831;767;813;745;764;722;750;772;784;756;749;703;736;759;760;688;772;737;718;652;682;665;711;682;751;706;657;634;744;705;756;705;667;734;687;713;757;706;774;670;699;664;727;707;729;670;656;617;675;632;647;697;621;687;618;652;642;663;580;1112;7544;-1
Ava Max - Sweet but Psycho;72;158;184;208;188;191;244;204;239;238;208;246;273;309;381;435;417;463;458;490;524;597;575;653;629;802;742;790;856;780;943;899;956;881;936;970;937;979;1008;1108;1060;1066;1125;1170;1026;1097;1156;1115;932;1068;1096;1127;1118;1158;1169;1095;1118;1281;1267;1233;1154;1254;1253;1224;1225;1212;1229;1178;1196;1250;1246;1246;1240;1258;1257;1238;1253;1321;1270;1311;1265;1285;1223;1314;1253;1256;1209;1227;1256;1212;1219;1209;1265;1220;1201;1196;1218;1157;1203;1258;1185;1257;1269;1170;1254;1294;1318;1223;1267;1171;1201;1233;1276;1231;1250;1196;1132;1192;1266;1198;1197;1124;1220;1077;1101;1189;1125;1180;1160;1055;1092;1055;1105;989;1056;991;997;995;969;1007;948;922;974;941;884;864;872;923;888;855;864;869;919;930;876;896;837;830;844;901;817;825;753;739;755;733;758;737;754;776;764;734;726;762;789;771;808;714;765;720;1321;8989;1
Bausa - Was Du Liebe nennst;1;3;2;4;8;23;47;50;75;84;92;95;96;127;130;128;149;170;161;154;160;188;183;216;216;286;309;339;367;401;358;413;420;402;409;457;461;431;465;460;448;468;450;427;458;435;477;436;481;466;482;470;479;543;507;518;535;532;516;544;514;504;508;511;478;496;483;488;490;550;533;515;529;523;513;488;494;527;491;499;459;517;475;524;476;473;473;473;508;514;508;523;501;486;516;534;511;515;509;497;485;468;503;475;502;505;493;559;553;512;468;501;538;481;488;445;431;434;432;437;445;438;415;433;461;454;455;452;410;439;447;419;417;460;452;454;449;433;419;441;421;425;478;427;387;389;365;392;380;362;360;306;287;319;329;343;303;313;313;315;303;333;301;290;297;330;300;286;318;302;279;256;285;224;257;304;263;247;284;267;559;3653;-1
C Arma - Yapma - Radio Edit;2;5;2;0;2;5;3;3;2;8;13;13;0;3;14;7;4;10;14;2;6;4;6;2;4;3;3;10;4;15;3;13;2;10;1;10;10;9;5;1;13;3;10;7;4;2;9;2;7;11;3;4;7;2;3;6;18;1;1;3;7;5;7;4;4;3;4;6;6;3;3;5;5;4;3;4;3;4;5;3;3;1;3;2;1;3;5;1;4;1;1;4;4;1;2;4;7;4;7;4;2;0;1;2;8;1;6;2;5;1;4;7;2;1;4;4;3;4;3;6;2;1;2;5;6;3;5;3;3;4;3;1;3;0;8;3;6;4;5;1;1;3;2;2;1;3;2;2;1;2;1;1;3;1;0;1;1;1;3;1;2;1;3;2;2;3;0;0;4;1;0;0;0;1;5;2;1;0;2;3;18;57;-1
Calvin Harris & Rag'n'bone Man - Giant;111;128;196;221;307;378;432;529;423;532;547;522;607;562;715;635;660;791;794;765;866;898;923;928;794;948;939;1052;1068;1039;1072;1018;1053;1117;1178;1178;1143;1141;1156;1151;1160;1245;1197;1182;1216;1195;1251;1199;1205;1252;1221;1188;1219;1179;1201;1152;1328;1161;1273;1266;1256;1203;1263;1263;1174;1211;1314;1234;1262;1313;1341;1263;1262;1308;1221;1282;1299;1198;1284;1180;1212;1236;1227;1172;1286;1265;1205;1254;1233;1195;1199;1332;1343;1272;1211;1270;1252;1174;1152;1118;1010;1171;1170;1213;1248;1196;1109;1169;1188;1132;1153;1179;1242;1117;1114;1102;1080;1069;1093;1180;1031;1100;1008;1039;990;1038;1042;966;963;940;952;903;889;975;974;915;937;887;896;804;808;826;794;737;762;743;752;700;682;677;650;718;679;665;702;655;729;741;688;663;635;686;679;654;581;620;617;620;593;628;612;641;611;620;616;603;571;622;568;603;1343;8976;-2
Camila Cabello feat. Young Thug - Havana;74;117;99;143;123;128;126;147;126;153;179;178;250;223;246;241;233;265;239;265;284;321;305;319;326;359;358;471;412;398;429;426;436;457;514;528;494;556;583;545;585;593;646;654;610;623;607;595;594;633;651;633;670;676;656;746;807;799;864;817;861;764;901;801;897;921;855;888;785;845;826;919;874;902;923;807;859;835;854;888;880;877;921;881;953;950;945;860;917;931;888;977;917;903;919;838;889;880;835;755;896;839;853;942;899;949;843;920;880;933;931;945;880;971;910;853;951;844;846;887;910;904;884;890;866;926;914;919;920;940;992;948;955;980;979;1028;947;866;939;898;910;892;870;979;900;895;832;871;878;871;907;852;846;876;799;794;842;831;792;773;690;710;691;646;658;663;562;708;636;670;679;690;694;679;637;623;661;684;604;604;1028;6637;2
Childish Gambino - This Is America;25;51;46;48;37;49;82;78;80;83;87;101;81;92;100;110;93;120;141;146;130;117;134;105;135;117;124;125;126;123;116;123;127;128;129;115;128;117;124;129;126;123;126;134;123;126;110;110;90;95;84;87;87;92;82;82;88;87;83;71;66;62;63;62;57;67;78;62;66;53;54;39;45;43;48;47;39;50;39;45;40;50;39;48;41;44;47;47;42;40;33;42;36;48;57;53;50;48;47;50;44;47;38;39;39;47;40;47;42;43;43;40;54;46;42;54;64;46;54;45;39;53;49;45;42;38;42;39;41;43;47;36;44;38;43;37;34;42;41;41;34;45;35;34;32;27;33;34;34;33;34;36;32;37;45;46;47;49;47;47;38;32;33;30;28;31;31;29;39;29;31;29;31;32;26;35;35;33;35;31;146;872;-1
Chris Brown - Undecided;41;68;75;108;111;103;98;111;120;136;149;132;135;142;154;150;155;148;169;151;149;140;141;156;143;144;146;134;132;127;118;131;125;115;111;93;86;113;94;87;102;94;97;96;96;91;106;87;91;88;85;94;91;86;88;79;88;73;72;72;71;75;76;60;61;64;60;62;63;66;65;57;62;52;56;65;65;60;50;66;61;56;71;59;56;53;63;56;63;65;54;52;44;49;49;49;50;55;43;48;45;53;45;46;46;35;38;44;48;39;58;45;40;41;47;41;42;43;31;36;38;42;42;44;44;42;34;39;40;32;37;30;36;32;38;39;35;36;39;34;28;29;32;28;32;33;30;26;27;23;24;21;40;35;41;35;40;40;31;28;26;23;21;26;21;26;23;25;21;26;25;25;22;24;24;24;28;21;24;24;169;1076;-2
Christine and The Queens - Doesn't matter_EnglischVersion;2;1;0;3;3;3;0;2;1;0;2;1;2;1;4;0;4;1;4;1;2;4;1;2;4;2;5;3;2;2;0;1;1;2;2;2;2;4;5;2;5;6;0;1;1;0;3;1;4;3;0;2;2;3;2;4;1;3;3;1;0;1;0;0;0;3;1;1;2;3;1;2;0;3;1;1;1;2;2;4;2;3;2;1;0;0;0;1;1;2;1;2;3;6;4;2;4;5;1;1;0;0;0;0;0;0;0;1;0;0;1;0;0;1;0;0;0;0;1;0;3;0;0;1;1;0;1;1;0;1;0;0;0;0;0;0;0;0;0;0;1;0;0;0;1;0;0;0;1;1;0;0;1;0;0;0;0;0;0;0;1;0;0;0;1;0;1;1;1;0;0;0;0;0;0;0;1;0;1;1;6;26;-1
David Guetta ft. Bebe Rexha J Balvin - Say My Name;22;27;21;20;17;18;15;15;10;12;10;12;9;12;15;21;11;11;12;8;10;11;12;11;10;8;7;9;79;31;47;64;56;86;110;98;127;92;107;123;195;100;105;103;126;84;140;128;124;94;114;100;115;126;118;132;134;142;111;162;140;170;165;179;193;210;213;204;208;236;236;268;271;296;292;260;288;390;348;406;341;334;355;387;372;378;316;328;344;343;442;476;452;395;400;354;422;388;434;400;456;479;532;513;504;574;496;531;543;560;562;489;531;612;524;537;578;603;562;599;522;586;603;489;547;555;582;496;570;526;585;626;624;625;496;531;530;479;525;444;464;455;465;440;466;502;476;469;476;511;485;487;478;461;487;448;517;476;478;485;489;470;440;463;471;472;482;461;414;416;442;443;441;423;428;424;409;415;413;430;626;4009;2
Daya - New;1;1;1;3;3;1;1;3;1;1;2;2;0;2;3;1;1;2;1;1;0;1;3;1;1;1;1;0;2;2;2;3;2;2;5;7;6;6;7;7;6;5;6;6;5;6;5;6;1;2;0;2;2;2;3;0;2;1;1;1;1;1;0;2;1;1;2;2;0;1;2;1;1;1;1;1;2;1;1;2;1;1;1;1;1;1;1;2;1;0;1;3;1;0;2;0;1;0;2;1;0;1;1;0;1;0;1;1;1;1;2;0;1;1;2;0;1;0;1;2;0;2;3;0;0;0;0;1;1;0;1;1;1;1;1;0;0;1;0;0;1;0;1;2;1;1;0;2;0;0;1;0;1;0;0;1;0;0;0;0;1;1;1;0;3;0;1;0;0;2;1;0;0;0;0;1;0;3;0;1;7;44;-1
Dean Lewis - Be Alright;5;9;9;14;12;12;10;15;18;19;17;22;31;38;66;52;64;69;83;91;84;123;124;133;120;173;174;124;218;186;235;255;263;257;259;283;264;276;231;333;293;273;307;324;328;413;409;401;504;535;468;626;529;559;543;569;569;685;621;651;622;663;663;725;718;775;677;779;793;762;727;864;902;750;839;830;786;876;889;943;863;999;849;936;834;996;985;1018;910;943;963;941;988;999;989;987;1058;1036;989;1056;1098;1059;1010;1031;1072;1026;1098;1083;1064;1029;1126;1046;1030;1051;1103;1079;1090;1019;1105;1014;1049;986;1031;1071;1029;978;978;1094;931;1063;1174;1096;1090;1043;1177;1094;1165;1180;1159;1074;1103;1167;1164;1115;1093;1107;1051;1080;1025;1112;1046;1101;1083;1068;989;1016;1104;1075;1057;1102;1037;1002;942;1057;1058;1020;991;969;950;943;1029;909;956;972;896;844;856;966;1002;957;1180;7892;3
Dermot Kennedy - Power Over Me;17;30;31;35;38;63;46;50;47;77;57;64;70;108;111;76;106;85;82;127;75;81;109;106;222;179;257;210;242;239;326;317;380;333;357;363;355;279;304;314;408;333;345;359;356;283;407;383;423;412;379;426;478;459;436;512;509;552;609;620;649;704;709;672;728;805;833;859;925;891;860;880;893;863;961;885;969;873;988;934;992;994;940;968;981;1045;1001;1034;1053;1067;1089;1050;1116;1049;1131;1137;1120;1072;1034;1016;1166;1158;1155;1118;1105;1074;1091;1088;1161;1139;1093;984;1082;1053;1081;1114;1128;1091;1109;996;1049;1071;1118;1071;1061;1081;1030;983;1123;1066;1032;1117;943;851;880;1019;1029;942;1004;855;805;812;878;826;892;814;841;786;855;869;821;874;803;854;793;820;807;833;872;819;851;756;828;840;861;826;837;751;751;744;830;770;736;764;705;676;694;740;718;762;1166;7752;3
Die Lochis - Lieblingslied;2;3;9;10;7;14;12;13;13;14;11;11;13;12;13;12;11;14;14;10;14;14;13;14;12;15;12;12;17;25;39;36;32;34;31;34;35;39;39;39;35;36;29;30;38;34;33;29;39;42;42;37;31;32;35;29;32;24;27;26;28;29;37;28;28;30;29;37;31;33;35;33;32;30;35;32;32;29;34;28;23;29;21;30;32;30;24;25;21;19;20;20;21;20;22;20;22;43;63;53;61;52;58;58;36;19;17;17;12;20;24;24;21;24;24;26;34;27;30;29;29;26;26;28;24;25;32;26;25;29;32;26;19;18;17;16;17;17;16;17;19;19;14;18;21;16;19;20;17;13;18;17;16;19;18;10;11;13;18;10;13;14;14;12;11;13;12;10;15;11;13;12;13;14;18;11;14;10;10;17;63;381;-1
DJ Regard - Ride It;1;0;0;0;1;0;0;1;0;0;0;0;0;1;0;0;0;1;1;0;2;1;1;5;2;8;8;3;1;4;5;9;8;9;14;12;15;24;48;58;46;45;43;45;47;53;70;60;58;56;78;74;73;99;81;84;103;112;127;150;169;164;155;171;175;182;205;259;212;233;245;315;373;325;400;387;408;360;396;411;482;476;434;564;535;567;541;593;612;633;592;577;614;643;599;813;702;799;808;790;812;868;855;848;755;862;875;865;895;953;877;805;864;906;873;887;949;916;940;972;950;910;943;1005;1008;928;988;915;1035;1038;1112;1112;1015;1097;1057;1038;1137;1084;1035;1086;1186;1110;1163;1177;1260;1168;1251;1019;1150;1183;1239;1241;1217;1224;1149;1238;1101;1178;1215;1233;1247;1238;1246;1290;1230;1219;1235;1238;1270;1277;1217;1239;1262;1293;1255;1286;1230;1280;0;0;1293;8813;3
Dj Snake feat. Selena Gomez, Ozuna, Cardi B - Taki Taki;30;31;43;51;64;63;77;86;88;106;143;125;158;164;188;185;175;175;204;200;205;230;208;202;229;226;257;305;387;321;337;284;297;303;313;371;371;325;319;320;354;371;391;355;354;340;348;379;393;461;451;408;401;403;390;385;385;415;363;368;354;351;381;426;396;371;348;348;347;352;356;350;342;304;320;307;339;392;363;315;331;336;309;365;357;329;297;299;326;333;326;350;384;310;314;295;314;362;371;327;351;272;288;279;297;295;247;287;268;269;279;288;306;272;270;271;271;269;289;305;338;284;279;261;227;263;266;299;263;252;229;231;237;279;248;235;247;235;200;222;221;213;202;215;184;178;184;195;199;185;183;192;182;184;221;189;180;186;174;185;192;218;163;189;172;218;204;181;229;165;158;162;151;160;141;164;140;158;160;138;461;2899;-1
Dominic Fike - 3 Nights;9;13;13;12;14;14;18;13;13;15;13;13;14;13;7;2;2;5;8;5;5;16;25;28;29;28;28;27;30;54;34;66;62;88;107;70;50;83;68;49;123;80;76;43;55;61;70;62;55;101;112;105;96;100;62;84;144;194;130;82;108;145;139;158;138;150;182;175;176;189;161;227;181;206;181;244;158;183;207;186;208;178;273;173;225;182;232;202;263;273;187;219;267;271;278;206;307;264;263;250;268;232;246;285;281;269;275;280;278;250;331;327;339;325;445;385;372;336;364;382;429;438;465;362;393;394;328;273;251;359;336;352;352;377;367;375;386;419;417;354;368;382;432;485;499;398;454;467;493;385;471;398;448;321;368;329;379;367;385;423;375;445;385;415;398;463;434;457;426;491;441;443;403;501;439;324;396;435;369;453;501;3144;2
Dotan - Numb;43;70;77;81;68;72;79;58;61;63;112;58;111;62;99;95;97;90;71;40;118;26;56;21;73;17;20;20;18;21;23;27;21;38;31;31;20;24;37;25;30;24;16;29;15;13;23;7;17;7;15;14;13;14;14;6;9;15;12;7;16;13;8;10;18;8;9;9;11;12;13;18;9;9;14;12;14;5;12;14;13;17;9;16;10;12;12;8;13;8;7;7;4;9;5;8;8;4;9;6;7;5;5;13;10;4;5;2;6;6;4;8;3;4;6;7;4;3;10;5;6;5;4;7;5;7;4;3;8;3;5;3;8;4;1;6;4;3;5;5;6;6;5;3;6;6;2;5;3;4;4;4;2;5;6;7;3;4;5;3;3;3;5;6;3;4;5;4;6;3;3;4;4;6;2;3;2;2;4;1;118;610;-1
Dynoro & Gigi D'agostino - In My Mind;36;59;74;70;79;96;106;133;123;126;160;191;197;226;234;225;231;192;243;230;254;270;252;266;255;307;301;329;364;319;344;342;396;399;477;492;476;464;451;524;504;603;687;603;596;639;647;698;711;733;729;699;693;760;732;776;797;781;802;860;854;821;883;960;858;876;883;917;943;919;922;933;937;845;899;874;957;999;893;936;889;953;959;975;1018;959;984;985;894;944;980;1049;972;962;973;947;1010;1093;1053;994;968;1064;1020;879;717;1151;1150;1104;1089;1127;1058;1087;1137;1084;1099;1060;1084;1092;1092;1089;1060;1126;1022;1058;1091;1069;1105;1105;1131;1130;1071;1102;1125;1143;1033;1105;1090;1066;1017;1057;1066;1070;1095;1116;1130;1106;1088;1178;1118;1070;1071;1013;1041;1030;1081;1033;1054;986;1000;987;1015;976;989;976;913;943;999;971;953;930;973;993;880;958;922;949;849;885;843;800;1178;7769;3
Gaullin - Moonlight;1;2;3;5;3;6;2;3;2;3;6;1;7;1;3;2;6;9;4;6;4;6;3;6;5;2;5;5;7;3;5;4;3;4;3;3;2;4;3;3;6;2;5;4;8;9;5;10;7;8;8;10;13;13;8;5;7;9;12;14;14;15;10;20;12;15;10;5;7;6;11;3;8;4;4;7;8;11;5;7;11;16;19;9;16;19;17;30;19;16;21;25;17;16;17;26;30;25;27;36;33;38;48;31;35;43;45;54;53;47;51;53;63;44;63;48;50;51;53;50;49;59;59;71;78;99;114;78;64;86;92;87;100;141;134;127;133;155;149;176;194;148;184;184;210;225;225;255;233;223;237;241;233;235;275;278;250;251;219;240;204;222;222;225;216;238;257;262;231;252;259;259;290;254;257;266;262;237;258;274;290;1802;1
George Ezra - Pretty Shining People;85;222;177;287;204;170;235;202;198;194;218;204;258;172;163;240;245;189;245;211;138;160;138;151;156;194;198;166;119;152;138;114;133;97;85;111;72;120;67;79;111;60;96;62;77;104;62;118;69;121;92;60;62;97;57;92;45;41;90;56;92;48;80;41;84;37;82;67;40;38;79;34;71;23;29;27;78;23;52;32;57;28;68;31;69;18;27;55;24;27;79;23;69;71;22;68;32;18;64;24;69;25;70;21;58;26;67;25;21;41;35;75;29;76;37;61;33;19;66;15;53;19;38;23;74;14;62;19;29;20;62;54;20;18;65;14;61;15;7;27;43;10;25;15;12;57;15;10;10;53;14;17;70;21;16;46;6;11;55;6;45;12;48;8;12;63;17;13;18;58;12;43;16;44;16;64;18;59;17;64;287;1446;-2
GestÃ¶rt aber Geil & Koby Funk feat. Wincent Weiss - Unter Meiner Haut;4;2;6;13;8;24;19;10;8;8;7;8;14;7;8;10;9;8;15;14;9;10;8;9;11;10;14;11;8;7;7;9;14;20;13;13;20;23;36;34;44;38;26;40;51;44;62;90;77;63;59;58;53;66;72;63;56;56;55;54;99;102;84;95;88;83;88;94;121;116;83;96;89;117;149;138;125;109;103;120;99;121;134;122;113;125;124;123;144;157;138;106;87;96;103;114;129;108;129;113;128;114;134;148;127;96;109;110;107;139;170;126;116;118;128;121;161;194;166;135;140;156;124;152;217;175;151;140;132;146;160;202;196;162;148;158;114;169;192;176;151;150;158;142;170;174;171;142;145;143;138;170;194;163;144;137;165;139;156;206;188;160;152;140;150;167;193;183;155;139;146;146;164;186;164;147;157;146;144;165;217;1145;1
GestÃ¶rt aber Geil feat. Sebastian HÃ¤mer - Ich & Du;17;22;30;38;26;34;30;17;23;29;37;37;31;55;51;71;106;115;104;83;94;87;79;99;110;112;91;84;105;95;108;124;118;111;110;124;118;108;154;127;128;137;124;121;143;151;136;104;112;120;122;118;137;119;111;115;120;110;107;133;128;119;116;122;110;135;125;126;103;114;109;105;134;120;121;105;113;117;123;119;146;146;138;131;131;144;152;166;132;132;130;129;120;132;151;145;136;142;141;133;144;142;118;119;119;148;116;112;146;129;111;130;121;137;155;130;129;126;129;145;125;137;135;131;135;131;123;119;127;150;137;119;121;118;137;133;167;157;153;138;138;107;119;148;146;127;128;124;140;138;154;128;145;139;128;134;188;192;166;189;207;198;217;204;222;211;226;228;223;215;202;230;204;197;227;206;203;191;157;172;230;1506;-1
Glasperlenspiel - Geiles Leben;20;35;25;25;28;27;20;29;31;28;44;34;38;36;35;23;32;22;27;40;23;31;26;33;25;30;31;42;32;40;29;35;32;52;44;35;36;29;29;38;41;35;33;40;31;39;35;42;38;37;31;32;33;39;35;44;28;39;34;40;26;26;40;37;25;37;30;23;45;34;42;29;20;33;22;39;31;24;17;30;19;20;36;28;24;26;20;33;27;34;28;23;30;25;18;23;27;24;34;25;33;35;37;28;22;28;29;20;20;35;29;36;27;29;25;31;37;31;29;28;35;31;26;34;39;32;29;24;18;28;37;29;30;36;26;26;31;30;38;34;24;27;27;22;23;21;30;24;28;18;31;36;24;27;22;26;24;23;30;30;29;19;20;22;31;21;31;19;19;14;27;32;29;24;24;31;22;20;21;17;52;264;-1
Joel Brandenstein - Diese Liebe;8;0;2;0;0;2;1;1;3;3;2;5;0;2;2;2;5;3;2;2;3;2;1;3;3;1;27;16;11;21;13;25;11;3;12;10;14;14;12;2;4;1;4;2;5;4;1;2;17;2;3;3;2;15;3;2;3;8;1;0;0;0;2;0;9;1;0;10;0;8;0;0;0;2;10;0;0;1;2;14;0;1;0;3;1;0;0;12;1;1;1;0;0;0;0;0;0;0;1;5;1;0;16;1;0;0;1;12;0;0;0;0;5;0;0;2;0;0;0;0;16;0;0;0;3;0;1;11;0;0;0;1;0;13;1;2;0;0;0;0;0;2;0;0;2;2;0;0;1;0;2;0;1;1;0;1;0;1;0;1;0;0;1;0;10;1;0;1;1;1;0;1;0;0;2;0;11;1;1;12;27;96;-1
Johannes Oerding - An guten Tagen;54;78;71;96;97;105;186;130;140;148;116;181;182;194;170;182;160;279;231;222;148;134;156;202;224;212;182;221;223;191;249;197;289;231;264;197;280;253;297;275;303;344;264;260;391;414;431;380;396;365;407;435;445;443;399;414;418;528;404;410;418;437;363;441;505;504;488;451;521;436;494;522;540;491;564;614;428;571;573;507;498;508;521;537;505;531;521;574;527;474;589;604;612;585;617;615;534;587;530;537;561;616;561;502;557;530;546;596;563;585;535;554;566;519;515;603;576;506;579;523;559;537;607;581;522;605;537;556;607;620;617;561;612;582;555;617;609;579;602;598;537;539;628;613;546;631;563;570;624;589;608;633;587;574;625;610;589;562;596;589;533;569;590;533;578;612;618;527;513;596;557;602;569;536;575;592;630;592;631;610;633;4185;2
Jonas Blue feat. Jack & Jack - Rise;29;39;64;118;102;116;140;133;169;121;113;116;117;157;166;137;152;125;130;120;155;214;213;165;177;203;230;229;244;300;244;272;304;300;382;395;408;378;380;383;388;446;525;486;500;516;605;569;606;656;697;648;642;645;671;807;827;802;850;722;763;757;802;910;838;890;913;921;838;924;869;961;981;952;940;981;945;1045;979;1020;917;959;983;1091;1085;1073;1075;1049;993;1028;1041;1128;989;1092;1070;1038;1120;1111;1105;1130;1119;1133;1050;1116;1174;1206;1106;1118;1168;1160;1083;1128;1187;1039;1121;1091;1141;1039;721;1155;1063;1099;1040;1044;1060;1065;1045;1079;1073;1063;979;1014;979;1014;1023;1062;961;1009;990;1037;1052;1025;1069;1006;943;1027;1004;1004;971;1010;1002;981;943;966;963;986;959;979;952;889;893;946;953;954;911;920;898;932;884;848;828;815;760;746;782;771;707;772;770;680;1206;7969;3
Josh. - Cordula GrÃ¼n;41;74;60;99;69;65;81;82;74;99;84;93;95;101;111;117;98;120;128;130;127;143;151;150;144;139;156;133;111;139;145;169;158;220;148;167;172;177;165;165;158;156;181;173;175;164;183;177;165;165;183;158;162;162;157;157;160;170;159;134;139;138;141;140;150;154;138;136;144;122;138;137;130;124;139;156;162;119;123;133;112;112;113;106;115;110;106;103;104;110;104;98;107;111;105;104;101;88;88;111;111;109;95;79;77;82;89;85;83;77;78;60;59;68;77;58;68;61;61;107;82;84;75;76;76;85;86;105;90;130;89;82;75;78;89;97;92;90;90;89;87;94;91;77;89;86;72;70;92;91;91;75;76;71;80;85;84;73;75;79;85;90;92;93;82;88;81;89;86;94;85;93;80;87;83;88;83;84;88;85;220;1218;-1
Katy Perry - Never Really Over;145;204;222;250;182;300;391;376;377;349;406;418;417;383;404;453;396;550;443;576;447;530;545;587;551;623;601;551;654;676;628;646;688;632;572;664;707;638;693;674;647;654;660;703;659;651;667;665;703;761;757;719;804;799;738;793;782;826;771;774;696;728;672;739;710;711;700;773;755;737;731;781;780;835;760;799;775;712;701;732;724;657;709;697;649;671;627;619;681;489;572;582;521;516;523;457;422;440;442;428;362;415;410;407;360;424;375;350;340;343;327;192;239;193;193;207;214;164;133;215;173;156;200;142;169;159;190;127;122;129;167;140;127;140;162;95;102;151;94;135;104;141;98;115;98;143;124;98;116;100;68;89;87;59;98;109;81;129;76;74;70;126;76;84;77;133;104;115;90;150;59;96;81;93;78;117;82;102;73;114;835;5461;-3
Khalid - Talk;10;14;28;48;48;40;62;109;111;127;113;109;106;95;94;91;109;118;120;102;107;119;112;112;120;119;119;101;127;104;118;110;105;130;100;109;84;98;105;111;114;108;115;110;116;119;112;116;105;117;98;116;112;112;118;119;114;105;106;140;146;94;96;105;111;113;106;116;119;101;119;148;150;112;110;99;89;93;66;79;71;79;87;83;91;60;84;87;90;84;82;99;91;90;110;123;104;95;94;76;110;96;81;96;106;95;84;89;93;81;94;86;75;69;88;83;68;87;77;77;72;83;74;81;76;69;70;68;55;60;64;67;66;60;55;69;57;64;62;60;55;57;63;56;59;66;53;60;58;65;60;63;74;59;53;58;54;50;47;53;48;52;48;50;46;48;46;49;49;45;47;54;51;52;61;42;37;49;48;51;150;827;-1
King Princess - 1950;3;4;6;11;13;18;16;16;18;19;23;15;12;10;13;12;6;7;2;5;4;5;8;40;11;17;32;19;19;6;6;9;28;7;17;20;5;18;18;7;18;7;8;7;13;14;16;28;27;21;16;15;5;5;4;5;5;7;6;6;6;6;5;3;5;6;6;6;4;6;5;4;6;4;5;6;5;2;1;1;3;2;5;3;1;3;5;2;2;1;3;2;1;3;1;1;2;6;11;10;13;9;11;10;8;10;10;9;9;9;10;10;8;10;13;11;9;10;12;10;8;11;10;12;11;9;1;1;2;4;2;3;1;2;2;1;1;3;2;1;2;3;1;1;3;2;1;2;0;2;2;2;2;0;1;0;1;2;4;3;5;3;2;5;1;4;3;1;0;1;0;0;0;1;2;1;1;1;1;2;40;132;-1
Kraftwerk - Das Modell;5;4;1;3;3;3;3;1;3;4;10;1;1;6;3;2;2;2;3;2;1;5;2;3;11;3;2;1;4;3;0;2;1;3;3;2;6;7;11;24;3;0;4;1;2;1;2;3;2;3;1;1;11;2;4;8;0;3;3;0;3;14;3;2;0;4;2;5;3;2;1;4;2;7;2;0;3;2;1;2;12;17;68;1;2;3;2;9;3;1;3;3;1;2;2;3;4;1;3;3;4;11;4;3;0;3;5;17;5;1;3;1;4;2;5;9;2;1;4;1;3;2;0;3;3;4;2;3;2;2;2;2;0;2;6;3;7;2;5;3;2;0;1;2;4;1;3;3;1;6;1;1;2;5;1;2;4;8;4;1;5;3;1;5;6;18;3;1;3;1;4;4;1;6;0;3;2;1;8;2;68;103;-1
Kygo & Whitney Houston - Higher Love;131;170;148;181;196;185;266;321;337;347;396;326;374;379;420;475;435;505;394;551;552;471;643;662;575;632;635;710;698;860;778;732;719;749;756;889;959;977;966;958;971;1014;976;1049;1042;1018;1020;1041;1021;1030;1080;1027;1105;1041;1067;1073;1075;1096;1051;1095;1103;1099;1208;1250;1236;1206;1218;1224;1233;1174;1237;1218;1147;1244;1204;1219;1186;1226;1273;1224;1274;1291;1354;1260;1298;1260;1264;1181;1254;1277;1215;1226;1237;1311;1189;1205;1230;1232;1118;1170;1254;1211;1152;1176;1130;1138;1161;1192;1129;1094;1150;1136;1138;1075;1175;1155;1124;1085;1088;969;894;993;993;939;964;943;936;968;1037;971;929;948;900;962;973;907;926;903;925;933;913;883;917;937;857;916;865;855;871;943;896;874;881;926;894;813;899;854;906;835;812;845;831;836;831;898;839;824;788;783;902;898;810;841;846;801;722;792;803;722;1354;8902;1
Lady Gaga, Bradley Cooper - Shallow;25;38;36;86;42;162;120;77;168;109;95;119;151;174;160;170;172;187;241;241;182;255;243;233;232;211;222;269;258;288;305;320;295;316;316;341;349;341;369;376;347;368;371;430;405;407;394;403;504;492;522;534;505;421;552;511;529;666;543;562;580;550;494;568;546;622;627;597;621;683;642;697;548;653;643;570;569;706;708;719;723;705;613;712;755;781;672;759;726;813;782;777;860;696;761;848;823;777;819;810;885;899;769;717;800;776;764;740;805;856;726;824;782;771;812;893;824;726;736;693;734;754;704;703;675;597;621;634;569;593;616;604;632;640;656;733;634;654;624;636;596;646;634;640;602;587;623;593;582;842;613;585;582;609;560;629;540;536;581;520;500;515;565;516;562;507;588;515;566;531;583;553;598;540;551;492;511;590;558;542;899;5699;2
Larsito & Mandy Capristo - Si es amor;21;29;30;26;26;31;33;40;49;38;43;39;19;14;25;2;14;14;13;12;19;12;10;16;14;14;17;13;15;15;25;13;11;6;4;4;15;4;3;5;4;6;6;5;4;5;5;3;7;3;7;4;6;4;4;4;5;4;3;4;3;6;3;5;5;4;5;4;4;4;7;7;6;9;9;8;5;8;8;10;6;6;7;6;8;7;8;7;6;6;3;6;4;3;2;3;4;2;3;2;2;2;2;4;3;4;4;4;2;2;3;3;2;3;2;2;4;2;2;4;3;3;3;1;1;1;1;1;1;1;1;0;2;2;1;0;2;1;0;0;0;1;1;2;0;3;0;0;1;0;0;0;2;1;0;1;0;1;2;1;0;0;0;0;1;0;1;1;1;0;0;0;0;1;0;0;0;0;1;1;49;242;-1
Lauv & Anne-Marie - Fuck, I'm Lonely;98;137;79;131;118;150;135;226;159;190;239;278;242;172;324;310;326;395;371;345;250;352;362;352;388;418;479;417;462;487;482;527;515;546;522;490;596;680;638;560;568;633;581;477;493;557;522;467;465;468;592;566;503;455;519;514;555;523;499;423;470;512;550;494;522;513;470;459;397;471;506;463;471;518;540;499;523;459;505;461;550;466;450;450;436;438;503;415;503;487;377;457;419;464;373;424;415;437;441;366;363;323;352;407;372;261;262;236;222;197;211;216;209;181;207;192;180;197;171;144;136;151;123;155;138;163;186;152;141;145;118;134;112;153;98;114;121;110;116;122;96;74;95;62;57;99;56;55;89;70;62;63;64;66;64;77;57;71;63;59;63;57;79;60;64;55;69;62;60;68;65;71;76;51;47;50;54;42;72;42;680;4165;-2
Lea - Zu dir;17;33;56;67;72;80;92;90;118;89;83;92;101;95;126;107;140;117;118;137;111;137;148;156;165;174;177;191;158;196;199;188;153;143;152;182;196;183;169;204;201;161;195;240;229;265;203;226;215;234;234;288;254;258;229;252;231;253;240;237;271;248;362;302;338;284;313;277;279;260;299;317;263;288;319;324;342;332;333;351;334;329;328;366;363;381;409;350;393;366;412;378;431;353;393;365;368;352;406;377;364;361;320;338;335;311;316;337;300;346;317;285;306;288;287;318;256;243;155;266;262;252;323;265;241;242;243;234;257;274;254;290;268;183;209;209;240;215;216;230;216;204;207;221;197;224;184;215;199;202;186;216;249;215;179;188;214;200;217;194;185;180;229;169;168;186;202;181;203;185;190;184;208;163;150;148;161;166;148;172;431;2674;-1
LEA & Cyril - Immer wenn wir uns sehn;56;74;69;77;76;71;89;79;80;83;80;87;81;59;97;104;154;152;129;168;128;191;203;139;170;174;187;155;200;205;155;166;190;168;183;183;184;189;208;209;193;188;201;187;176;209;202;176;180;196;206;179;219;247;226;219;199;208;204;193;192;188;171;171;173;149;158;155;156;151;158;162;166;157;165;140;157;137;141;140;147;150;152;153;149;151;144;167;148;152;147;146;166;153;136;145;137;143;153;147;152;157;148;108;129;120;125;121;123;111;111;111;106;113;114;101;100;101;109;101;100;105;106;116;132;141;141;147;141;128;120;131;121;119;131;131;120;128;124;118;119;131;121;114;107;109;109;112;110;112;113;106;107;104;110;104;107;100;99;96;82;87;73;73;70;74;74;70;71;57;53;55;59;58;62;60;62;57;58;60;247;1492;-1
Leftwing:Kody - I Feel It;3;1;4;2;12;25;24;10;24;30;23;26;23;24;26;24;29;44;34;25;34;35;35;32;33;31;32;28;31;30;36;34;19;8;6;9;7;10;13;13;10;10;12;20;39;31;34;37;32;39;36;35;33;26;10;12;11;8;18;7;14;10;7;8;11;15;11;10;15;14;15;13;17;13;26;43;33;31;40;37;34;27;11;10;15;12;14;12;10;7;8;6;10;18;12;9;11;6;10;8;13;7;7;7;6;10;12;15;13;11;13;13;11;13;15;10;15;9;10;10;8;15;8;14;13;9;12;14;11;11;11;7;12;9;12;17;12;9;11;8;9;10;10;17;16;16;19;21;21;21;13;10;10;8;11;8;11;9;10;11;15;11;11;10;12;11;7;11;9;11;11;13;9;14;11;11;16;8;12;14;44;226;-1
Lewis Capaldi - Someone You Loved;2;0;0;0;4;9;10;12;10;12;10;9;3;0;0;1;0;0;0;0;0;1;2;0;0;1;1;0;0;0;0;6;1;8;13;9;12;1;0;9;0;0;0;2;2;0;0;0;0;0;2;1;0;0;1;1;0;2;1;0;1;1;2;2;0;4;1;1;1;1;0;1;43;48;21;57;87;99;98;89;99;142;80;81;35;117;48;112;109;78;75;52;139;109;146;45;82;101;106;138;76;157;123;171;113;122;151;161;197;177;130;165;200;126;207;172;162;220;201;202;313;234;285;304;417;369;372;417;396;372;410;429;468;509;469;484;534;580;569;512;631;545;588;608;642;626;593;705;677;639;734;678;672;674;730;784;756;754;768;816;725;630;586;802;810;795;819;766;831;854;866;923;843;864;820;877;866;861;925;869;925;6001;3
Lotte & Max Giesinger - Auf das, was da noch kommt;93;111;132;234;185;200;222;231;264;244;267;319;329;396;447;498;455;451;499;504;421;475;556;614;626;516;609;553;496;601;597;618;586;605;545;601;647;678;623;596;697;643;621;639;700;633;635;696;768;722;685;747;782;795;791;774;718;762;826;716;709;797;774;741;839;767;810;779;753;737;824;811;808;717;730;784;756;777;776;796;784;819;782;777;788;773;816;739;777;794;823;753;728;808;821;808;771;782;752;756;773;780;727;751;736;702;781;739;768;754;748;619;543;597;548;659;683;564;603;548;583;568;507;549;589;523;529;583;572;574;506;536;536;583;604;589;568;619;604;574;490;541;602;606;563;583;568;509;540;585;553;560;496;560;524;498;570;516;564;607;516;460;532;480;517;510;480;446;513;498;451;494;522;470;517;462;424;502;466;457;839;5511;-1
Loud Luxury feat. brando - Body;8;0;2;1;0;1;5;13;3;5;3;7;12;13;9;7;6;8;8;6;7;14;6;8;3;8;10;9;11;7;12;16;18;18;19;22;20;14;9;10;12;9;18;9;11;4;11;6;9;18;8;10;3;10;8;11;11;8;5;10;6;6;6;9;10;8;8;5;9;13;28;9;14;21;12;12;14;20;9;19;20;20;21;24;23;18;12;10;11;8;8;8;12;10;5;8;7;13;21;19;12;13;11;14;19;20;16;12;19;10;11;18;21;7;11;13;11;9;10;21;16;14;14;16;18;22;33;12;15;17;13;20;22;27;19;21;28;27;34;37;42;27;28;28;37;31;48;53;38;40;39;41;41;46;55;40;42;36;41;42;45;53;44;41;41;35;41;40;58;58;52;52;56;61;50;60;41;50;52;58;61;387;-1
Mark Forster - Au Revoir;1;0;0;0;1;1;1;0;1;1;1;1;1;2;1;6;1;1;1;1;0;2;1;1;2;5;11;10;2;2;9;2;12;1;13;13;5;15;12;7;9;5;3;6;35;43;14;3;27;34;23;22;26;32;30;43;33;49;32;41;34;48;38;35;43;43;51;65;44;38;42;43;60;55;31;44;54;49;43;40;49;59;65;55;82;71;55;76;53;70;63;49;83;49;81;80;82;40;58;55;96;76;76;82;77;80;82;84;90;68;76;80;86;88;87;96;102;101;72;115;88;83;69;92;97;103;285;211;152;129;102;136;126;127;148;161;156;155;172;144;161;156;167;163;178;179;155;160;181;179;166;170;161;179;190;163;173;177;185;171;185;189;168;183;174;187;164;189;193;191;199;180;179;155;167;215;234;182;192;175;285;1264;1
Mark Forster - ChÃ¶re;29;48;55;54;58;73;74;79;83;89;102;125;131;125;162;150;147;179;162;203;215;225;294;214;263;265;285;285;301;339;344;354;367;387;470;445;471;493;402;507;475;470;490;541;484;528;621;553;525;570;673;607;650;626;630;604;621;726;684;706;656;719;741;756;783;704;724;724;691;874;853;898;826;850;810;876;842;834;844;812;777;832;780;896;705;761;840;801;861;834;895;767;830;947;854;974;893;976;960;911;1029;890;957;996;949;1008;964;975;964;938;983;950;1038;1036;1003;1037;978;987;1005;976;997;969;970;936;879;899;951;969;875;928;873;867;866;847;889;753;783;774;777;794;759;789;737;736;761;677;747;699;735;656;707;751;684;737;731;704;680;740;764;682;721;681;724;682;695;706;628;626;641;626;618;619;702;596;661;638;633;659;644;598;1038;7084;2
Mark Forster - Einmal;256;133;214;142;287;289;313;296;286;290;370;317;375;335;411;398;411;440;308;472;430;413;449;430;569;503;576;520;520;554;538;539;503;447;544;484;455;536;568;535;508;528;581;563;661;583;565;725;594;632;708;728;713;697;735;712;654;755;768;704;734;616;762;786;828;854;805;840;822;851;771;886;937;911;880;937;838;905;864;856;776;812;791;909;802;740;809;791;781;844;913;887;850;885;907;903;962;890;877;903;905;866;934;881;806;831;786;871;794;848;809;798;759;792;807;744;677;738;671;623;720;715;667;640;666;646;588;560;517;526;519;462;493;480;478;544;457;496;464;459;437;448;457;450;417;482;406;345;378;358;347;408;371;327;345;337;323;368;331;363;314;298;356;298;346;275;271;247;284;231;318;279;326;245;301;215;236;238;242;288;962;6284;-2
Mark Forster - Sowieso;31;47;61;75;97;120;118;120;144;136;174;173;190;179;197;218;222;218;250;283;232;293;279;336;315;307;334;324;319;331;344;335;352;381;415;415;429;405;410;392;395;390;380;409;397;418;443;488;467;471;637;584;535;600;542;556;529;557;597;561;584;563;504;615;682;570;542;654;625;629;553;634;659;662;661;615;714;701;663;671;727;745;753;707;723;816;759;790;701;746;793;727;849;805;806;833;868;779;802;852;920;880;918;898;794;901;894;928;943;962;962;911;906;1034;914;923;980;960;845;868;995;911;1038;970;1050;984;1026;1025;998;1015;1083;1021;1109;1058;1177;1143;1141;1214;1172;1205;1129;1183;1223;1179;1246;1157;1217;1121;1194;1248;1207;1256;1157;1238;1175;1144;1336;1172;1186;1272;1199;1150;1167;1217;1202;1160;1185;1094;1044;1137;1104;1173;1109;1032;1031;933;1085;1008;1045;1055;1336;8484;3
Mark Ronson feat. Miley Cyrus - Nothing Breaks Like A Heart;116;109;81;92;97;148;120;174;208;214;261;250;251;237;256;353;284;368;417;359;364;382;454;389;368;401;396;462;503;395;413;398;482;555;558;536;597;542;550;638;598;596;641;739;743;761;829;765;802;795;844;935;819;761;848;919;901;940;922;992;947;1006;1056;1038;1022;1078;1001;1088;1099;1040;1045;1099;1165;1114;1189;1175;1064;1063;1072;1154;1167;1071;1134;1124;1100;1116;1182;1150;1146;1175;1100;1096;1066;1055;1072;1080;1123;1049;1090;1040;1009;1111;1136;1086;1127;1143;1074;1087;1126;1129;1153;1128;1110;1022;1065;1108;1085;1059;1017;1054;938;957;1045;1059;1020;1092;1052;970;960;1064;1048;979;963;843;815;847;965;960;908;891;836;857;789;878;857;835;900;904;846;861;847;814;841;840;792;733;766;778;815;767;768;730;679;717;813;759;747;738;701;700;786;692;713;723;715;728;661;730;698;714;1189;7969;2
Maroon 5 - Memories;53;80;82;124;87;102;89;89;131;113;108;82;100;146;92;93;204;163;191;201;209;225;203;244;270;253;255;275;243;286;255;271;316;321;304;304;369;355;302;338;370;405;359;360;348;347;420;418;430;453;461;541;464;456;470;587;595;580;681;591;661;511;633;624;682;698;627;588;651;649;674;723;620;659;694;731;616;723;766;870;772;763;758;789;806;795;900;877;814;872;873;805;836;949;773;853;889;887;902;894;984;797;881;888;995;908;958;950;1048;1011;1064;1059;956;1042;1052;1053;1044;1062;1097;1056;1035;1094;1092;990;1043;1048;982;1005;1124;1056;1053;1040;1040;1012;1066;1064;1116;1131;1025;1066;1013;1132;1080;1119;1111;1117;1039;1032;1123;1151;1088;1164;1110;1126;986;1022;1064;1051;1006;895;0;0;0;0;0;0;0;0;0;0;0;0;0;0;0;0;0;0;0;0;1164;7794;2
Marshmello feat. Chvrches - Here With Me;48;59;82;106;113;185;101;164;180;135;127;107;106;141;140;200;126;141;163;171;197;204;206;219;252;236;283;241;346;249;280;302;265;294;314;358;282;293;336;297;278;253;273;234;346;345;240;288;254;323;356;332;362;325;305;267;352;395;313;423;378;388;392;358;406;389;417;354;399;360;319;364;315;352;346;301;396;361;302;330;350;334;306;365;344;400;316;285;376;352;353;348;352;313;363;263;321;292;272;300;284;320;383;213;301;234;225;204;251;213;203;168;238;177;159;181;168;212;148;233;168;201;175;139;190;136;153;154;177;105;124;120;167;120;154;151;94;150;105;106;147;108;157;105;127;100;138;88;149;113;114;90;75;97;123;84;86;115;87;127;90;105;66;74;112;73;120;71;104;74;54;101;76;115;55;110;58;99;44;113;423;2683;-2
Mathea - 2x;1;0;4;7;10;7;11;16;10;11;21;34;40;18;24;22;19;22;17;15;24;33;28;35;35;35;82;84;42;75;82;38;47;43;41;38;41;46;41;46;79;40;36;44;41;33;37;38;42;36;37;34;57;30;42;35;39;33;32;35;35;39;43;39;89;39;41;34;40;47;43;45;45;44;43;36;30;34;30;32;32;37;32;33;34;36;25;24;23;23;25;22;21;21;26;23;25;30;24;25;26;26;25;19;17;17;11;13;12;15;10;19;14;15;14;16;14;14;19;16;16;13;13;14;22;18;19;16;19;24;17;18;19;24;22;16;22;19;19;22;17;25;16;21;31;37;31;46;38;45;43;49;44;47;46;51;44;49;42;46;49;55;50;55;61;55;64;63;67;54;62;57;59;65;68;72;68;77;67;59;89;432;-1
Max Giesinger - 80 Millionen;4;5;5;3;5;5;6;4;5;4;3;33;24;28;33;34;52;28;30;20;29;29;29;42;38;30;36;35;46;32;20;27;26;30;29;29;53;42;48;49;32;40;50;63;58;60;75;56;81;64;85;81;67;70;83;82;73;81;82;60;75;77;80;99;127;96;79;97;92;103;102;88;85;90;138;128;147;140;189;142;119;159;165;314;305;297;275;260;312;292;314;297;335;344;234;360;380;329;326;317;434;368;420;457;384;409;425;475;452;451;497;448;347;499;466;488;422;390;498;454;504;510;413;485;460;462;415;463;505;444;530;484;521;491;447;490;452;474;518;540;580;592;606;606;621;621;723;639;749;703;689;758;820;847;813;785;825;946;927;974;885;885;910;939;922;909;926;964;1107;1013;1065;928;984;1037;945;931;972;976;892;870;1107;7079;3
Max Giesinger - Wenn sie tanzt;28;44;46;52;86;100;217;178;197;141;192;198;221;294;262;283;248;298;304;279;311;317;343;405;365;366;283;385;379;422;405;487;392;438;405;419;468;486;463;477;509;499;490;491;505;501;479;574;537;559;596;498;483;588;471;483;490;540;572;510;579;632;648;719;691;747;712;757;664;702;732;717;832;781;805;856;757;809;795;822;885;795;827;831;772;882;858;912;881;884;862;825;907;853;873;853;849;844;721;847;822;905;902;861;875;721;797;870;953;868;937;871;927;941;863;891;875;863;856;839;939;870;943;851;897;877;850;925;889;927;859;885;898;891;880;888;866;867;896;928;837;925;849;873;952;828;922;858;921;856;873;936;816;859;768;787;754;746;793;702;746;734;660;676;699;718;740;703;675;665;745;698;697;742;668;666;667;681;764;665;953;6233;2
Meduza feat. Goodboys - Piece Of Your Heart;3;0;0;4;1;1;0;10;8;10;8;10;10;12;8;7;8;9;9;11;9;16;8;9;12;15;23;24;26;39;47;51;52;57;51;53;53;58;45;44;59;54;59;65;96;91;93;97;101;94;78;70;78;68;81;76;78;100;79;71;70;76;127;100;104;117;99;115;161;124;141;136;131;137;131;179;137;148;166;158;153;161;201;161;170;161;216;177;184;199;231;193;197;218;205;219;241;260;205;203;251;240;238;281;275;264;262;249;268;294;332;302;292;316;317;317;340;419;368;356;354;377;372;389;473;453;441;448;434;413;486;571;520;550;549;499;514;543;582;604;518;532;555;553;653;705;663;606;601;561;562;570;689;626;597;653;654;684;703;790;724;674;702;696;687;737;711;697;669;666;694;655;706;731;675;664;646;651;652;27;790;4904;2
Mitski - Geyser;2;3;3;5;4;6;8;7;6;9;3;9;8;7;6;7;5;7;7;5;8;9;8;5;10;10;5;12;6;8;8;5;7;7;5;7;6;6;5;6;4;5;6;8;4;5;6;5;2;6;3;3;3;5;2;2;2;2;2;1;2;1;1;2;3;2;1;2;1;1;2;0;3;0;2;1;1;3;2;0;1;0;1;1;0;2;1;2;1;1;1;0;1;1;1;0;3;0;2;4;1;2;5;0;4;1;1;2;1;2;3;1;2;1;2;2;0;1;2;0;2;0;1;1;1;2;3;1;2;0;2;1;0;1;2;2;0;0;2;2;0;1;3;1;1;1;1;3;0;2;1;1;3;1;1;1;0;1;2;0;3;3;0;1;3;0;2;1;0;1;0;0;2;1;3;3;2;1;0;2;12;59;-1
Moses Sumney - Title Of This Song;1;0;0;0;0;0;0;0;0;0;0;0;0;0;1;0;0;0;0;0;0;0;0;0;1;0;0;0;0;0;0;0;0;0;0;0;0;0;0;0;0;0;0;0;0;0;0;0;0;0;0;0;0;0;0;0;0;0;0;0;0;0;0;0;0;0;0;0;0;0;0;0;0;0;0;0;0;0;0;0;0;0;0;0;0;0;0;0;0;0;0;0;0;0;0;0;0;0;0;0;0;0;0;0;0;0;0;0;0;0;0;0;0;0;0;0;0;0;0;0;0;0;0;0;1;0;0;0;0;0;0;0;0;0;0;0;0;0;0;0;0;0;0;0;0;0;0;0;0;0;0;0;0;0;0;0;0;0;0;0;0;0;0;0;0;0;0;0;0;0;0;0;0;0;0;0;0;0;0;0;1;1;-1
Namika - Je ne parle pas franÃ§ais;39;65;76;93;92;116;143;134;103;174;205;326;290;297;320;292;254;262;304;306;299;275;263;295;366;312;359;310;373;365;417;392;423;391;411;430;412;379;455;456;426;526;438;519;462;545;522;515;486;552;612;580;606;527;598;582;575;634;659;668;658;614;630;695;656;728;633;733;713;757;738;723;695;738;808;730;699;787;813;784;787;856;852;859;866;909;981;994;973;988;919;963;973;997;932;1071;995;977;944;944;944;944;944;944;944;944;944;944;944;944;944;944;1025;1192;1237;1243;1265;1234;1075;1100;1177;1128;1005;1102;1150;1084;1106;1049;1123;999;1078;1017;1035;1088;1122;1040;1038;1047;1073;1086;1048;1054;1029;1003;929;1094;951;947;966;1022;951;974;914;956;856;898;874;892;889;784;566;740;758;845;846;802;755;793;796;757;808;746;809;792;669;712;692;634;633;646;1265;8271;2
Namika - Lieblingsmensch;1;0;0;1;9;12;12;17;24;21;21;13;9;20;45;49;46;36;43;37;30;21;30;22;41;23;18;25;19;82;29;70;91;84;50;115;72;61;131;114;126;91;117;119;128;166;150;142;161;156;150;155;150;213;186;201;291;291;297;319;331;291;403;403;385;434;450;378;420;463;434;393;442;491;476;422;526;510;521;557;501;566;544;470;520;551;574;559;538;548;478;485;500;486;529;552;475;459;534;494;470;527;531;485;601;532;531;502;568;566;520;548;599;607;632;626;692;596;649;584;550;568;677;641;691;649;617;598;613;688;638;702;603;621;636;582;627;594;611;598;605;578;617;586;566;607;564;631;539;615;563;581;629;541;591;464;538;518;555;565;511;497;427;405;435;495;443;523;509;508;536;527;470;492;506;497;479;495;501;442;702;4459;2
Nena - In Meinem Leben;3;0;0;0;1;5;0;0;0;0;6;3;0;10;0;1;2;1;1;0;1;3;1;1;5;0;2;2;2;2;1;2;2;1;3;1;0;1;6;2;3;0;0;2;0;0;1;1;1;4;0;0;0;0;1;4;1;0;2;2;1;1;3;1;3;1;1;2;5;2;2;0;2;1;0;4;4;0;1;3;0;2;5;3;1;2;3;1;2;0;1;1;3;2;1;0;0;0;0;2;2;1;9;4;2;1;2;1;2;2;4;1;1;2;4;2;1;1;5;5;3;2;2;4;1;2;1;4;3;0;2;0;4;2;9;2;2;1;11;3;1;4;1;0;2;1;8;2;2;1;1;4;0;10;4;0;4;0;3;5;0;1;2;3;0;3;1;4;3;2;5;8;2;1;7;2;1;3;3;1;11;30;-1
Nf - Let You Down;7;5;4;5;6;4;9;8;6;18;9;8;12;12;25;28;40;44;36;35;32;46;60;58;76;105;91;112;122;140;139;144;162;175;148;155;186;188;207;235;247;256;268;273;278;283;295;285;284;284;292;305;320;338;310;302;325;319;304;306;322;299;317;307;310;280;309;319;316;298;310;287;317;311;335;335;343;339;327;325;344;342;353;316;323;334;348;342;353;335;335;321;323;382;352;360;370;330;323;363;386;376;350;357;374;368;384;373;374;339;318;328;322;377;342;341;321;303;310;291;289;303;279;262;239;236;244;229;251;243;231;223;234;226;246;235;215;239;239;240;232;245;241;233;253;249;238;207;188;212;262;210;199;207;188;184;230;208;211;217;198;167;198;200;236;218;178;178;161;156;157;155;176;143;150;152;136;143;136;157;386;2529;-1
Notd feat. Bea Miller - I Wanna Know;3;6;14;13;9;6;5;3;6;5;6;3;4;13;9;5;4;7;8;10;9;5;4;2;2;5;2;6;10;10;4;6;6;10;9;5;0;8;7;5;5;18;32;21;29;30;30;31;30;26;32;30;29;28;30;21;12;2;0;4;1;4;7;6;18;12;7;4;5;28;16;4;27;32;28;28;2;2;0;1;4;2;12;13;11;11;9;10;9;1;1;2;2;0;1;3;1;1;1;1;2;3;1;2;2;0;4;1;2;0;1;2;1;2;2;5;3;1;1;1;3;1;2;3;1;1;1;2;1;4;0;2;0;3;10;8;3;6;8;3;2;1;1;1;0;7;3;3;1;3;2;4;0;2;2;2;1;1;1;2;2;1;1;0;4;1;1;0;2;3;0;1;0;2;3;1;1;1;1;1;32;203;-1
Parov Stelar - All Night;3;4;2;5;2;6;3;4;40;64;58;49;60;69;58;41;18;35;35;24;24;41;41;52;35;18;22;65;32;19;41;49;30;28;52;64;51;47;72;82;64;79;43;87;104;137;123;110;96;86;82;104;94;100;72;84;59;90;72;70;72;47;56;65;59;58;62;70;69;42;63;46;35;63;78;55;73;52;51;41;68;42;55;49;37;36;47;35;28;16;35;45;27;34;49;38;33;26;33;24;45;51;39;29;28;15;21;39;47;29;18;23;27;14;36;37;35;26;24;28;21;17;26;21;20;24;25;13;20;22;23;19;17;17;18;18;26;19;25;25;15;19;20;33;25;24;20;19;25;30;33;29;18;23;31;22;38;43;39;28;23;19;23;31;44;26;23;24;18;24;23;41;33;16;24;20;21;24;23;31;137;700;-1
Peter Fox - Alles Neu;4;2;4;5;2;6;4;7;7;2;8;8;4;3;3;7;4;4;6;3;6;7;5;4;3;4;0;0;1;7;4;3;4;9;3;1;1;6;4;8;4;0;5;4;0;0;1;3;2;2;3;8;3;3;1;0;0;0;11;1;0;1;3;5;26;8;5;6;8;4;7;4;4;7;8;5;4;5;4;8;19;5;4;5;6;5;10;6;2;7;6;8;5;9;46;9;8;9;2;7;9;9;5;6;6;8;8;6;1;9;1;6;6;2;5;5;2;2;4;6;5;4;12;0;7;2;2;10;8;3;5;13;5;6;9;3;7;10;6;9;7;2;5;1;1;3;1;0;0;0;2;12;12;7;8;10;7;12;7;2;14;10;3;3;6;4;9;9;11;8;8;9;4;7;6;6;12;6;2;7;46;94;-1
Philipp Dittberner - Das ist dein Leben;7;12;13;16;26;26;37;57;65;48;91;55;72;68;73;97;54;95;107;58;77;105;78;101;91;100;152;107;183;174;131;187;168;213;198;297;200;234;214;214;242;217;227;258;215;225;204;284;171;304;301;291;339;252;281;288;349;248;256;283;326;242;307;322;262;282;285;281;234;259;284;278;267;301;251;252;216;290;268;230;290;259;263;243;336;296;327;262;363;227;229;276;263;212;288;268;319;335;326;358;382;315;408;339;319;401;328;389;331;337;372;325;375;374;340;379;364;380;311;436;398;402;443;381;423;289;405;342;379;389;294;264;302;374;447;404;362;305;363;348;371;429;366;445;405;394;380;372;431;382;402;380;344;356;349;415;350;316;414;397;304;361;368;353;386;353;417;300;397;334;379;404;292;358;251;322;288;295;365;308;447;2790;1
Pietro Lombardi - Nur Ein Tanz;23;36;31;42;46;41;55;55;58;55;57;54;54;76;100;78;53;44;39;36;51;57;47;41;38;41;34;63;63;72;44;51;47;39;52;54;52;38;49;49;46;39;48;53;26;29;44;38;31;49;66;37;42;43;36;38;39;34;22;27;20;26;30;14;21;26;18;25;9;30;37;12;23;24;23;11;16;26;25;24;25;14;9;14;10;15;11;13;10;8;12;16;7;16;15;15;13;14;16;9;17;10;14;13;11;13;17;15;13;13;13;8;13;17;10;16;8;16;9;15;13;13;14;13;17;14;13;15;13;5;10;5;9;9;7;11;8;9;11;7;16;12;7;7;10;7;8;10;8;6;9;6;7;11;9;8;7;8;7;6;9;12;9;4;8;9;7;7;9;7;4;10;5;3;12;7;12;7;10;4;100;409;-1
Pietro Lombardi - PhÃ¤nomenal;23;42;43;44;40;46;67;81;84;112;125;114;144;134;149;151;200;155;148;152;178;149;137;145;150;159;158;177;193;191;216;174;166;184;170;196;193;196;166;165;157;165;159;171;156;152;152;152;133;139;125;101;98;96;109;93;111;113;104;110;94;89;106;123;109;114;117;120;113;112;99;90;78;79;68;68;74;72;72;70;64;58;65;79;71;67;66;73;71;64;64;59;66;62;64;63;64;60;69;59;56;63;53;46;52;46;42;47;44;40;43;41;38;36;34;39;36;38;32;39;37;36;33;35;30;22;30;32;28;26;23;32;34;26;33;32;23;33;24;27;26;25;27;37;26;22;24;25;16;23;21;23;24;18;23;24;24;16;21;27;24;17;22;19;25;18;20;17;16;19;20;25;23;22;21;16;22;19;16;19;216;1294;-2
Post Malone - Circles;36;44;79;151;141;198;200;242;236;254;314;298;259;389;453;416;375;408;388;380;338;469;361;433;426;448;458;483;538;538;552;543;578;590;579;589;554;672;666;674;663;677;653;650;690;704;666;741;715;725;706;779;730;819;823;868;849;903;966;932;941;916;928;944;986;942;970;980;1036;980;1018;1051;1061;1007;1010;1058;1037;1061;1099;1048;1028;1057;1031;1059;948;1028;1064;996;999;995;1030;1025;1009;1088;1066;1054;1090;1102;1077;1060;1101;1074;1033;1025;1074;1009;1085;1027;1065;1106;1022;1071;1113;1129;1093;1006;1034;1071;1020;1057;1125;1129;1015;1040;1071;1130;1089;992;1067;1037;1055;1109;1074;955;1083;1130;1115;1052;1122;1096;1053;1013;1075;1082;1073;1032;1045;985;1053;1045;1057;1030;972;1007;1026;1042;1066;1019;1043;1011;1004;994;1009;1009;973;955;916;910;828;934;904;850;820;809;822;802;822;823;844;826;1130;7567;2
Rebecca Ferguson - Bones;2;0;0;5;1;6;0;1;0;2;4;1;1;2;0;1;2;12;1;1;7;0;2;3;2;0;9;0;2;0;2;3;2;1;1;0;0;1;0;0;0;0;1;0;1;8;1;0;1;0;0;2;0;0;1;2;0;0;2;1;2;0;0;0;2;0;0;0;1;0;0;1;1;0;1;0;1;0;0;0;1;0;0;0;1;0;0;1;0;2;0;1;0;0;1;1;0;3;0;1;0;9;0;0;0;0;0;1;3;0;0;0;0;0;1;0;0;0;0;0;0;0;0;0;0;0;0;0;0;0;0;0;0;0;0;0;0;0;0;0;0;0;0;0;0;0;0;0;0;0;0;0;0;0;0;0;0;0;0;0;0;0;0;0;0;0;0;0;0;0;0;0;0;0;0;0;0;0;0;0;12;24;-1
Robyn - Honey;3;5;2;4;7;5;9;6;11;10;21;23;26;21;12;14;13;18;16;20;18;16;12;20;28;32;32;21;23;22;24;25;21;14;11;34;29;29;24;22;24;18;21;30;24;31;36;35;31;33;36;23;28;36;30;31;41;38;38;40;44;45;34;42;49;44;42;40;31;33;39;36;42;28;32;31;24;28;29;29;24;32;29;19;23;23;19;19;17;13;22;22;20;22;20;23;18;21;22;19;20;26;20;18;18;23;22;18;19;13;12;9;16;18;12;12;12;10;10;14;11;15;9;11;10;10;10;12;14;9;9;16;8;10;10;9;11;7;9;7;7;5;7;8;6;9;5;6;8;8;7;6;8;5;8;9;8;6;7;5;6;8;6;7;8;7;10;9;10;10;14;15;11;10;11;10;9;10;9;12;49;281;-1
RosalÃ­a - MALAMENTE (Cap.1: Augurio);5;7;6;8;12;6;11;8;7;6;6;5;7;8;6;7;7;9;4;10;11;6;5;6;9;15;16;15;17;15;22;16;13;11;10;12;10;10;10;12;11;13;11;12;12;12;7;7;5;7;5;9;6;9;5;6;6;6;3;7;2;3;5;4;1;5;8;4;5;4;8;3;4;4;5;4;8;4;5;7;4;6;8;4;43;4;6;3;6;4;5;6;4;5;11;6;4;7;7;4;4;4;7;3;6;7;5;8;7;4;5;5;3;4;5;5;5;14;3;5;9;4;4;2;2;1;1;2;4;4;5;3;6;5;4;5;6;7;5;4;4;7;8;5;7;5;7;4;8;6;4;14;10;9;10;10;11;11;10;5;6;8;4;4;6;8;12;10;8;13;11;10;8;6;5;7;7;12;5;8;43;104;-1
Sam Smith - How Do You Sleep?;69;102;118;201;202;235;290;288;276;330;332;324;255;317;410;396;412;415;393;428;485;418;433;500;437;478;531;469;499;590;564;587;529;411;550;514;557;463;506;592;461;586;559;601;603;544;535;588;500;553;627;528;470;613;600;451;600;663;578;566;556;646;641;693;706;601;558;645;648;613;661;691;683;670;652;692;560;616;681;627;708;666;670;693;617;660;634;636;639;568;657;607;634;648;588;629;531;589;513;553;564;519;528;497;566;523;546;603;584;510;525;510;490;477;510;500;472;506;509;458;496;475;412;413;407;415;358;426;395;340;372;360;319;345;365;362;328;367;380;292;248;241;321;276;281;244;239;244;232;213;223;168;285;165;210;228;184;193;231;264;322;272;280;244;196;244;238;196;241;212;209;220;259;273;220;204;265;210;192;194;708;4661;-2
Sarah Connor - Ich wÃ¼nsch dir;28;5;6;4;4;8;6;29;29;35;29;32;29;33;5;5;0;1;0;0;2;2;1;0;2;2;2;5;0;6;5;0;0;0;0;1;5;0;1;0;0;0;1;2;0;1;0;1;0;0;3;0;3;3;2;1;1;1;2;1;1;3;0;3;0;2;1;0;1;2;0;1;3;1;0;1;0;1;0;0;4;82;83;72;71;71;92;139;109;118;140;77;95;118;161;175;143;201;209;174;204;191;215;224;235;270;168;199;241;231;293;247;216;248;247;245;241;243;263;264;242;263;292;208;261;246;327;248;219;300;271;292;308;286;343;264;291;275;291;341;331;316;348;310;300;283;368;322;327;263;315;281;318;337;288;294;344;337;294;271;306;290;254;329;289;241;270;301;286;273;253;281;237;242;265;229;209;239;218;208;368;2256;1
Sarah Connor - Vincent;87;81;54;54;113;81;101;187;168;193;177;219;209;159;159;196;140;165;168;212;201;152;145;161;194;205;190;187;170;172;224;206;158;159;145;134;142;132;140;153;225;189;114;194;199;171;255;199;257;220;256;218;219;215;212;226;350;222;216;231;220;313;252;342;261;284;332;322;345;432;282;352;400;284;257;322;278;287;271;348;307;337;328;321;332;321;363;318;367;345;356;341;333;420;363;315;376;415;347;337;480;400;454;388;390;407;412;462;387;383;436;376;251;343;472;434;414;435;350;385;371;389;395;418;401;339;220;216;220;285;267;283;256;214;236;257;206;250;213;275;231;212;283;285;255;258;169;252;167;214;212;210;156;164;170;249;198;144;156;173;243;216;237;186;173;186;238;217;225;175;222;168;174;156;169;205;145;175;179;156;480;2863;-1
Sarah Connor - Wie schÃ¶n du bist;28;36;17;48;45;48;25;59;51;47;57;50;39;42;60;87;109;155;132;185;144;101;89;57;141;160;171;103;196;148;128;207;178;197;189;128;143;115;152;184;161;135;196;120;102;110;132;113;136;129;146;154;149;149;148;159;171;176;160;199;191;167;172;213;190;183;202;191;176;188;256;174;196;202;184;190;208;206;215;222;264;281;262;260;272;232;305;295;300;297;303;276;308;320;291;348;346;307;360;342;391;343;375;366;309;279;444;313;411;344;433;375;335;412;345;324;350;365;312;331;401;318;368;352;305;296;362;324;294;331;362;344;311;342;254;275;277;277;274;281;277;273;256;238;288;277;262;264;270;227;271;267;251;252;269;233;256;243;238;255;269;222;228;218;247;260;249;226;287;232;212;225;225;250;245;256;233;209;211;245;444;2599;1
Shawn Mendes & Camila Cabello - SeÃ±orita;322;640;569;659;666;744;750;769;781;835;856;929;928;927;937;1080;1104;1212;1175;1233;1257;1215;1211;1182;1135;1173;1217;1170;1270;1190;1190;1145;1282;1429;1325;1297;1327;1394;1301;1391;1397;1365;1290;1385;1346;1347;1396;1373;1389;1379;1284;1337;1323;1351;1333;1374;1330;1293;1297;1278;1417;1326;1393;1344;1161;1120;1150;1211;1175;1131;1106;1164;1136;1185;1180;1144;1262;1188;1133;1153;1164;1188;1235;1218;1272;1157;1139;1092;1227;1189;1105;1066;1029;1039;1100;1033;986;1049;1007;994;920;1059;925;982;1004;979;1002;890;1005;969;981;932;980;893;829;912;909;901;911;826;871;789;866;901;790;766;855;802;755;800;859;747;785;735;693;668;734;683;678;627;632;628;595;681;655;624;679;643;592;579;664;592;575;574;509;527;534;509;563;468;470;437;509;495;470;477;501;464;495;481;455;442;426;355;419;373;408;442;419;474;1429;9526;-3
Shirin David - Fliegst Du mit;22;37;37;40;44;37;38;27;33;41;35;31;37;35;55;57;48;30;31;28;31;27;43;29;41;27;30;30;25;39;48;46;41;41;54;38;39;52;41;48;48;49;40;38;31;16;19;21;13;15;14;14;16;14;15;13;15;9;9;4;6;6;3;4;4;3;5;5;4;4;5;3;3;0;3;0;1;0;0;1;0;0;1;0;1;1;1;0;1;1;0;1;1;0;3;2;0;1;1;1;0;2;1;1;1;1;0;3;4;5;4;5;3;5;3;5;5;3;5;4;4;3;1;0;1;0;1;1;2;1;0;1;1;0;2;0;1;1;0;5;0;1;1;2;0;2;0;0;0;0;1;1;2;1;0;1;0;4;2;0;1;0;0;1;0;1;1;0;1;0;1;1;0;1;1;0;1;1;1;1;57;315;-1
Skott - Mermaid;3;9;20;21;28;21;23;20;24;15;18;20;17;23;37;34;34;41;29;31;35;27;71;23;21;18;15;19;19;30;15;29;26;4;1;5;7;3;13;13;1;1;3;3;3;2;3;1;4;3;5;2;3;4;2;2;1;1;1;6;4;2;6;7;8;8;7;4;1;1;2;3;1;1;1;1;1;3;0;4;2;2;0;1;2;3;1;3;4;2;3;5;3;3;2;2;0;1;2;1;0;1;1;1;1;1;1;0;1;2;1;1;1;0;4;1;1;1;4;1;1;2;1;0;1;1;0;1;1;1;0;1;1;2;2;0;1;0;1;1;1;1;0;1;1;1;1;0;1;1;1;0;1;1;0;1;1;0;1;0;1;1;0;0;2;0;1;1;1;0;1;1;0;2;1;1;0;1;1;0;71;241;-1
Soleima - Low Life;3;1;5;0;2;0;0;0;1;1;5;0;3;0;4;6;9;9;14;15;25;25;21;19;16;22;20;20;13;9;10;11;14;8;14;16;18;18;19;17;13;13;8;9;9;10;8;9;9;7;6;11;10;10;10;10;9;10;10;10;12;10;10;10;4;0;0;0;0;2;0;0;0;0;0;0;0;0;0;0;0;0;0;0;2;0;0;3;2;3;2;3;4;3;3;2;3;3;2;3;3;1;1;1;1;1;1;1;1;1;1;1;1;1;1;0;1;1;1;1;1;1;1;1;1;0;1;1;1;2;0;1;1;1;1;1;1;1;1;1;1;1;1;2;1;1;1;1;1;1;2;1;1;1;1;1;2;1;1;2;1;0;1;1;1;1;1;2;1;1;1;1;1;1;1;2;1;0;1;3;25;143;-1
Superorganism - Everybody Wants To Be Famous;19;23;29;30;46;52;48;54;59;72;79;72;59;58;66;70;71;72;79;65;66;63;71;74;71;76;67;59;66;64;65;63;76;63;55;60;59;57;59;58;53;45;51;40;39;36;48;42;32;30;35;51;37;39;49;40;34;29;42;36;43;31;19;28;32;32;42;41;30;26;36;32;33;33;35;30;24;20;30;27;27;35;27;19;19;21;27;20;22;13;30;18;25;20;18;26;14;13;15;23;15;13;8;15;10;13;8;9;9;9;12;9;5;13;12;11;5;7;11;6;8;6;12;10;6;7;11;5;10;11;8;10;7;8;6;7;7;9;9;11;9;9;8;9;11;5;9;9;12;9;10;11;6;4;7;12;11;13;9;10;10;5;11;13;11;6;9;10;8;9;15;11;16;10;14;11;10;12;8;12;79;489;-1
Taylor Swift - You Need To Calm Down;70;109;202;210;222;199;205;226;297;362;333;382;274;370;332;337;427;334;295;383;341;394;362;419;440;426;476;487;464;488;404;472;444;492;497;526;534;576;498;493;511;450;487;446;466;505;486;549;500;529;577;530;567;596;498;574;568;587;563;585;611;566;598;623;597;655;674;601;558;638;630;611;650;577;575;596;552;603;635;646;615;532;573;545;555;657;643;562;607;575;611;520;580;555;492;554;552;565;509;541;503;495;565;550;504;532;533;510;427;473;477;431;442;489;445;364;398;337;325;396;403;388;444;368;367;362;367;378;317;368;337;309;354;252;333;272;327;280;220;289;213;174;188;158;170;179;166;171;166;187;155;147;148;172;160;134;147;197;123;146;127;148;147;128;135;133;127;144;150;140;139;129;109;111;101;120;135;105;111;98;674;4346;-2
Taylor Swift feat. Brendon Urie - Me!;113;167;222;258;325;407;525;486;533;535;535;574;614;646;714;700;777;712;719;771;775;800;825;848;903;863;818;1007;924;935;901;916;925;935;911;942;927;1023;1026;906;988;1020;991;931;957;988;1021;1068;1086;1046;1050;883;938;941;1007;927;947;949;1005;951;952;909;933;884;862;848;885;902;819;878;912;869;834;820;876;801;757;781;772;748;692;745;712;685;659;734;666;633;608;624;628;662;593;604;597;644;619;446;435;465;465;487;444;405;431;428;399;367;394;347;332;336;314;314;299;303;302;274;305;332;284;259;260;244;226;270;222;200;229;230;225;219;217;207;185;160;191;182;172;163;171;163;185;198;164;136;161;134;173;155;162;188;156;170;158;161;172;153;167;156;151;194;147;144;130;162;137;130;143;124;113;145;146;143;123;141;111;117;122;159;1086;7042;-3
The Script - The Last Time;17;23;58;60;16;27;35;55;83;39;47;38;94;40;75;50;100;90;116;56;80;76;34;145;147;38;119;21;87;70;65;79;56;32;112;70;65;36;71;73;68;33;75;40;50;67;14;11;33;18;61;29;30;36;17;14;24;21;21;20;22;16;21;17;17;15;17;16;20;14;15;18;18;14;13;15;16;12;21;16;15;15;13;13;12;14;13;16;21;18;18;8;5;8;5;4;6;7;6;13;8;7;2;25;2;6;8;4;1;1;3;4;2;7;4;2;2;8;1;8;8;7;1;9;3;1;2;2;7;19;3;4;5;4;28;3;2;3;1;8;2;3;1;2;5;3;5;8;4;3;3;8;1;2;1;7;7;1;3;7;1;7;0;7;2;4;0;0;0;0;0;0;0;0;0;0;0;0;0;0;147;580;-1
TiÃ«sto, Dzeko feat. Preme, Post Malone - Jackie Chan;11;18;16;17;23;24;22;35;16;30;54;56;54;44;53;45;73;75;72;83;81;94;76;87;85;88;103;118;146;140;123;110;88;97;98;114;111;103;102;109;115;120;150;141;118;128;120;129;142;167;153;171;190;221;217;249;251;237;252;249;243;242;289;356;262;329;329;319;323;320;377;414;361;357;366;364;352;381;395;374;378;388;406;424;457;432;418;423;406;414;468;529;453;457;447;438;446;627;660;523;600;622;529;608;610;619;517;569;563;521;587;616;550;486;610;558;530;468;540;448;497;509;537;547;502;334;533;497;504;515;454;490;382;400;436;369;349;361;360;360;446;398;349;404;314;352;338;356;423;348;328;360;352;319;357;325;294;300;314;306;320;328;281;277;289;289;266;273;315;249;268;243;255;245;241;279;238;233;229;238;660;4152;1
Tim Bendzko - Keine Maschine;217;257;136;159;157;206;203;270;266;333;330;290;335;268;348;336;391;346;379;375;326;381;327;426;395;345;375;391;394;348;407;401;417;386;422;308;346;385;337;445;327;436;324;386;411;476;473;503;423;622;522;637;632;605;673;649;520;582;693;571;636;591;650;574;607;658;632;701;603;648;599;636;689;588;634;595;606;612;550;606;594;568;647;597;576;626;605;651;563;630;593;566;587;586;669;582;599;633;536;545;539;536;567;575;580;538;572;538;561;588;512;578;541;497;516;504;553;478;521;541;450;484;493;484;500;497;521;470;436;452;466;485;437;442;453;398;469;433;425;421;290;266;323;200;230;263;210;245;251;199;189;170;162;256;195;194;205;250;196;143;207;150;197;221;198;143;195;117;170;141;174;173;110;190;186;147;151;149;143;149;701;4423;-2
Tones And I - Dance Monkey;531;725;758;822;879;982;909;807;941;969;970;949;984;900;950;951;948;917;1009;1020;920;1007;1106;1107;1165;1228;1187;1232;1145;1220;1196;1153;1061;1190;1210;1198;1139;1222;1200;1234;1183;1198;1285;1277;1234;1177;1212;1255;1235;1289;1262;1304;1286;1346;1278;1283;1244;1321;1271;1246;1161;1243;1273;1181;1192;1228;1205;1202;1239;1250;1251;1229;1238;1231;1231;1181;1248;1237;1259;1220;1219;1186;1270;1198;1256;1272;1214;1217;1211;1238;1216;990;1117;1253;1175;1193;1198;1251;1177;1191;1120;1217;1144;1189;1171;1173;1181;1166;1189;1094;1198;1126;1130;1062;1084;1098;1081;1085;1109;1057;1020;1010;950;1012;1003;989;1005;1041;979;1045;824;898;875;832;867;907;905;851;822;868;856;820;782;778;772;845;798;795;842;825;778;773;738;790;745;733;751;722;774;793;764;787;792;335;0;0;0;0;0;0;0;0;0;0;0;0;0;0;0;0;1346;9048;-3
Wincent Weiss - Hier mit dir;48;81;134;94;90;169;137;123;134;200;166;160;185;164;217;158;225;240;223;214;309;277;350;333;396;399;412;354;429;477;499;484;483;575;497;471;587;557;589;560;459;527;502;582;578;553;498;567;521;538;578;511;517;555;530;539;557;607;477;569;575;602;531;580;597;583;616;583;576;592;646;669;564;655;588;575;539;610;609;666;614;581;690;657;644;634;667;654;688;631;661;654;662;685;634;617;694;674;628;625;657;596;666;674;639;623;685;623;688;701;687;707;686;692;737;693;609;645;656;626;647;662;679;597;633;533;623;670;659;637;699;678;679;669;690;685;630;671;642;627;594;664;650;588;652;666;618;529;613;686;683;633;609;456;524;542;567;513;543;482;496;419;496;525;440;529;498;547;435;439;388;462;384;438;456;400;416;462;414;372;737;4718;1
Wincent Weiss - Kaum Erwarten;75;104;92;101;103;191;149;247;208;207;280;266;274;210;322;292;375;347;308;342;317;365;397;376;380;480;476;359;491;449;393;357;452;432;428;420;427;462;455;395;481;467;433;493;455;477;454;526;501;550;513;601;573;537;611;525;571;502;562;580;568;600;519;501;542;631;691;580;634;574;634;633;615;672;643;620;681;688;635;641;693;718;615;688;621;608;612;679;597;604;671;688;608;633;654;590;680;652;516;530;506;541;543;528;516;491;519;530;529;500;487;521;460;465;550;477;526;471;495;437;458;516;472;516;500;471;483;454;452;419;442;486;434;471;400;409;493;408;421;461;409;417;425;430;411;451;399;389;406;458;380;414;388;410;368;326;391;325;314;348;310;314;346;328;341;284;302;254;274;270;355;260;316;270;297;263;313;283;276;289;718;4678;-1
Xavier Naidoo - Bitte hÃ¶r nicht auf zu trÃ¤umen;5;4;4;10;4;6;5;5;2;2;5;8;7;2;7;6;3;4;9;1;10;8;5;3;3;2;4;2;14;3;8;4;8;8;5;3;4;4;4;7;11;4;3;10;10;8;8;3;6;8;12;4;10;13;5;4;3;3;10;2;9;4;9;6;4;8;9;9;5;2;4;11;10;5;4;3;24;4;4;4;4;8;5;8;5;5;5;4;8;3;4;4;10;9;8;3;4;10;3;5;9;8;5;3;5;8;2;10;4;10;5;3;8;6;8;5;3;8;9;7;5;3;5;2;5;6;4;16;3;5;2;9;4;3;5;8;11;4;3;5;3;8;4;3;3;6;6;3;4;4;2;8;3;11;2;10;4;10;3;10;10;10;3;9;5;4;5;2;2;3;6;3;8;6;4;3;3;3;4;2;24;61;-1
Xavier Naidoo - Gute Zeiten (mit MoTrip);41;74;77;93;90;96;84;89;110;101;111;110;106;100;108;114;144;145;127;121;123;128;107;72;83;75;93;90;109;102;80;67;65;61;58;66;75;58;64;48;67;54;59;68;68;73;64;56;56;61;54;50;41;52;35;29;33;48;42;35;46;41;44;44;54;17;25;37;32;16;22;18;26;13;17;15;20;17;16;16;20;22;17;24;17;12;21;13;17;15;16;22;20;15;21;20;17;18;18;17;14;21;16;14;15;13;18;13;11;20;29;12;9;24;10;16;10;11;15;8;17;9;16;9;12;11;9;15;12;10;11;11;10;10;10;9;11;7;8;9;8;13;10;7;10;8;9;11;13;8;13;10;8;14;9;14;10;8;8;10;15;11;8;10;10;8;7;10;13;10;10;8;10;11;9;15;8;16;8;14;145;882;-2
Younotus & Janieck & Senex - Narcotic;65;44;107;81;87;92;91;97;93;102;114;116;128;131;150;149;122;139;171;156;164;200;154;163;177;182;173;238;186;207;163;206;198;243;234;281;216;237;228;223;329;276;361;337;383;350;276;357;376;330;364;397;342;386;415;378;484;388;464;422;523;493;507;617;651;632;621;720;703;809;841;816;837;893;851;870;954;954;891;925;968;1045;966;1019;1049;1004;1080;1049;1110;1075;1034;1033;1075;1113;1065;1046;1059;1061;1135;1103;1101;1146;1133;1083;1112;1121;1163;1161;1148;1155;1152;1115;1101;1106;1181;1125;1211;1184;1148;1142;1163;1226;1231;1201;1182;1209;1177;1112;1190;1215;1174;1182;1178;1116;1105;1184;1171;1161;1205;1224;1236;1157;1198;1202;1231;1114;1163;1122;1150;1075;1151;1177;1102;1071;1155;1204;1064;1113;1143;1128;1049;1100;1097;1110;1070;1131;1065;1083;1028;1077;1029;1050;991;1024;980;907;985;997;1012;966;1236;8354;3
Yves Tumor - Applaud;1;1;0;1;4;1;0;0;1;0;0;0;0;0;0;0;0;0;0;0;0;0;0;0;0;0;0;0;0;0;0;0;0;0;0;0;0;0;0;0;0;0;1;1;0;0;0;0;0;0;0;0;0;0;0;0;0;0;0;0;0;0;0;0;0;0;0;0;0;0;0;0;0;0;0;0;0;0;0;0;0;0;0;0;0;0;0;0;0;0;0;0;0;0;0;0;0;0;0;0;0;0;0;0;0;0;0;0;0;0;0;0;0;0;0;0;0;0;0;0;0;0;0;0;0;0;0;0;0;0;0;0;0;0;0;0;0;0;0;0;0;0;0;0;0;0;0;1;1;0;0;2;0;0;0;0;0;0;0;0;0;0;0;0;0;0;0;0;0;0;0;1;0;0;0;0;0;0;0;0;4;8;-1
Zhu - Faded;3;4;2;5;5;7;9;4;7;11;9;8;6;9;9;7;10;10;7;7;6;7;9;10;6;12;11;10;12;17;15;20;19;24;20;15;30;25;35;35;32;49;51;23;23;28;33;28;33;33;26;29;28;25;31;35;32;32;29;33;32;41;54;42;44;46;40;60;56;80;65;60;52;61;67;82;110;101;83;74;74;63;89;100;106;81;82;77;82;114;124;112;99;96;91;111;109;129;125;93;91;108;120;120;135;95;117;65;101;129;107;144;117;119;108;120;112;110;130;123;104;111;118;135;147;152;148;131;140;140;134;143;164;118;145;154;152;141;128;153;149;148;148;144;120;135;149;121;134;98;127;111;113;132;110;119;111;114;120;105;109;89;93;113;83;100;110;108;100;101;109;122;92;106;119;93;86;81;97;100;164;1000;-1